﻿<?xml version="1.0" encoding="utf-8"?>
<publishData>
  <publishProfile publishUrl="D:\WebRepository\mobilecam" deleteExistingFiles="False" ftpAnonymousLogin="False" ftpPassiveMode="True" msdeploySite="" msdeploySiteID="" msdeployRemoteSitePhysicalPath="" msdeployAllowUntrustedCertificate="False" msdeploySkipExtraFilesOnServer="True" msdeployMarkAsApp="False" profileName="Profile1" publishMethod="FileSystem" replaceMatchingFiles="True" userName="" savePWD="False" userPWD="" SelectedForPublish="True">
    <file relUrl="Lib/Newtonsoft.Json.dll" publishTime="08/12/2016 16:13:20" />
    <file relUrl="Css/images/ui-icons_cc0000_256x240.png" publishTime="08/12/2016 16:13:20" />
    <file relUrl="scripts/cust/Dynamsoft.BarcodeReaderDemo.js" publishTime="08/16/2016 10:52:34" />
    <file relUrl="Css/bootstrap-theme.min.css" publishTime="08/12/2016 16:13:20" />
    <file relUrl="MobilecamBarcodeReader.html" publishTime="08/16/2016 11:19:43" />
    <file relUrl="Css/bootstrap.min.css" publishTime="08/12/2016 16:13:20" />
    <file relUrl="Css/images/ui-icons_777777_256x240.png" publishTime="08/12/2016 16:13:20" />
    <file relUrl="bin/BarcodeReaderDemo.pdb" publishTime="08/16/2016 11:14:42" />
    <file relUrl="bin/BarcodeReaderDemo.dll" publishTime="08/16/2016 11:14:42" />
    <file relUrl="Images/bg_capture.png" publishTime="08/12/2016 16:13:20" />
    <file relUrl="Images/loading.gif" publishTime="08/12/2016 16:13:20" />
    <file relUrl="scripts/lib/bootstrap.min.js" publishTime="08/12/2016 16:13:20" />
    <file relUrl="Css/jquery-ui.min.css" publishTime="08/12/2016 16:13:20" />
    <file relUrl="Lib/Dynamsoft.BarcodeReader.dll" publishTime="08/12/2016 16:13:20" />
    <file relUrl="Css/images/ui-icons_444444_256x240.png" publishTime="08/12/2016 16:13:20" />
    <file relUrl="Css/images/ui-icons_ffffff_256x240.png" publishTime="08/12/2016 16:13:20" />
    <file relUrl="scripts/lib/jquery-1.12.0.min.js" publishTime="08/12/2016 16:13:20" />
    <file relUrl="bin/Newtonsoft.Json.dll" publishTime="08/12/2016 16:13:20" />
    <file relUrl="scripts/lib/load-image.all.min.js" publishTime="08/12/2016 16:13:20" />
    <file relUrl="MobilecamBarcodeReader.ashx" publishTime="08/12/2016 16:13:20" />
    <file relUrl="bin/Dynamsoft.BarcodeReader.dll" publishTime="08/12/2016 16:13:20" />
    <file relUrl="Css/images/ui-icons_555555_256x240.png" publishTime="08/12/2016 16:13:20" />
    <file relUrl="scripts/lib/kissy-min.js" publishTime="08/12/2016 16:13:20" />
    <file relUrl="scripts/cust/readBarcode.js" publishTime="08/16/2016 11:26:31" />
    <file relUrl="scripts/lib/jquery-ui.min.js" publishTime="08/12/2016 16:13:20" />
    <file relUrl="Web.config" publishTime="08/16/2016 11:14:42" />
    <file relUrl="Images/ScanQRCode.jpg" publishTime="08/12/2016 16:13:20" />
    <file relUrl="Css/images/ui-icons_777620_256x240.png" publishTime="08/12/2016 16:13:20" />
    <file relUrl="Images/favicon.ico" publishTime="08/12/2016 16:13:20" />
    <file relUrl="Css/style.css" publishTime="08/12/2016 16:13:20" />
  </publishProfile>
</publishData>